JobNumber,MachineDate
55638,1/6/25
55630,1/8/26
55651,1/8/26
52381,1/13/25
55698,1/14/26
55709,1/15/26
55719,1/16/26
55827,1/29/25
53895,2/9/26
55944,2/13/26
55953,2/13/26
56043,2/26/26
56069,3/2/26
56070,3/2/26
56071,3/2/26
56088,3/3/26
56109,3/4/26
56113,3/5/26
56119,3/6/26
56118,3/3/26
56194,3/12/26
56249,3/18/26
56315,3/26/26
56326,3/27/26
56213,3/31/26
56356,3/31/26
52426,4/1/26
56394,4/2/26
56449,4/8/26
53922,4/13/26
53921,4/13/26
56490,4/15/26
56529,4/17/26
56522,4/17/26
56536,4/20/26
56592,4/24/26
56613,4/27/26
56639,4/29/26
56748,5/12/26
56852,5/22/26
56886,5/27/26
56911,6/1/26